id,站名,县,市区町村,纬度,经度,group,线路数,运营商数,运营商,经过线路,来源
128,渋谷,13,,35.65880285714285,139.70178757142858,003922,7,4,JR東日本、京王、東京メトロ、東急,11号線半蔵門線、13号線副都心線、3号線銀座線、井の頭線、山手線、東横線、田園都市線,mlit
322,新宿,13,,35.69022285714286,139.6999442857143,003700,7,5,JR東日本、京王、小田急、東京メトロ、都営,10号線新宿線、12号線大江戸線、4号線丸ノ内線、中央線、京王線、小田原線、山手線,mlit
559,横浜,14,,35.46570142857143,139.6221285714286,004633,7,6,JR東日本、京急、東急、横浜市営、横浜高速鉄道、相鉄,3号線、みなとみらい21線、本線、東横線、東海道線、根岸線,mlit
752,大宮,11,,35.90553,139.62398285714286,002914,7,3,JR東日本、ニューシャトル、東武,上越新幹線、伊奈線、川越線、東北新幹線、東北線、野田線、高崎線,mlit
994,東京,13,,35.682475000000004,139.76683166666666,003766,6,3,JR東日本、JR東海、東京メトロ,4号線丸ノ内線、東北新幹線、東北線、東海道新幹線、東海道線、総武線,mlit
1183,東京,13,,35.67791,139.76414,003785,1,1,JR東日本,京葉線,mlit
1,駒場東大前,13,,35.65886,139.68317,003929,1,1,京王,井の頭線,mlit
1210,本庄早稲田,11,,36.21958,139.1779,002525,1,1,JR東日本,上越新幹線,mlit
516,お台場海浜公園,13,,35.62961,139.77818,004091,1,1,ゆりかもめ,東京臨海新交通臨海線,mlit
938,大山寺,14,,35.42963,139.24127,004743,1,1,大山観光,大山鋼索線,mlit
